id,element_id,timestamp,d1,d2,temp
1,39,9/4/2025 13:28,33,65,33.65
2,28,9/4/2025 13:28,36,72,36.72
3,33,9/4/2025 13:28,35,1,35.1
4,38,9/4/2025 13:28,33,28,33.28
5,30,9/4/2025 13:28,35,51,35.51
6,36,9/4/2025 13:28,35,8,35.8
7,37,9/4/2025 13:28,34,13,34.13
8,34,9/4/2025 13:28,35,69,35.69
9,35,9/4/2025 13:28,34,92,34.92
10,26,9/4/2025 13:28,35,71,35.71
11,25,9/4/2025 13:28,36,60,36.6
12,31,9/4/2025 13:28,35,42,35.42
13,24,9/4/2025 13:28,37,14,37.14
14,32,9/4/2025 13:28,35,36,35.36
15,29,9/4/2025 13:28,36,24,36.24
16,27,9/4/2025 13:28,36,73,36.73
17,37,9/4/2025 13:44,35,15,35.15
18,32,9/4/2025 13:44,36,11,36.11
19,39,9/4/2025 13:44,34,91,34.91
20,29,9/4/2025 13:44,37,7,37.7
21,28,9/4/2025 13:44,37,47,37.47
22,27,9/4/2025 13:44,37,75,37.75
23,25,9/4/2025 13:44,37,21,37.21
24,26,9/4/2025 13:44,36,81,36.81
25,35,9/4/2025 13:44,35,62,35.62
26,24,9/4/2025 13:44,38,13,38.13
27,31,9/4/2025 13:44,36,43,36.43
28,36,9/4/2025 13:44,36,8,36.8
29,30,9/4/2025 13:44,36,40,36.4
30,33,9/4/2025 13:44,36,9,36.9
31,38,9/4/2025 13:44,34,71,34.71
32,34,9/4/2025 13:44,36,43,36.43
33,37,9/4/2025 14:00,33,40,33.4
34,39,9/4/2025 14:00,33,20,33.2
35,26,9/4/2025 14:00,34,87,34.87
36,31,9/4/2025 14:00,34,30,34.3
37,34,9/4/2025 14:00,34,36,34.36
38,24,9/4/2025 14:00,36,42,36.42
39,27,9/4/2025 14:00,35,66,35.66
40,35,9/4/2025 14:00,33,85,33.85
41,25,9/4/2025 14:00,35,49,35.49
42,32,9/4/2025 14:00,34,11,34.11
43,33,9/4/2025 14:00,34,4,34.4
44,38,9/4/2025 14:00,33,9,33.9
45,36,9/4/2025 14:00,34,9,34.9
46,30,9/4/2025 14:00,34,55,34.55
47,29,9/4/2025 14:00,35,7,35.7
48,37,9/4/2025 14:16,35,28,35.28
49,35,9/4/2025 14:16,35,43,35.43
50,39,9/4/2025 14:16,34,52,34.52
51,28,9/4/2025 14:16,37,1,37.1
52,38,9/4/2025 14:16,34,39,34.39
53,25,9/4/2025 14:16,36,85,36.85
54,29,9/4/2025 14:16,36,47,36.47
55,24,9/4/2025 14:16,37,91,37.91
56,26,9/4/2025 14:16,36,44,36.44
57,34,9/4/2025 14:16,35,92,35.92
58,36,9/4/2025 14:16,36,1,36.1
59,29,9/4/2025 14:16,36,47,36.47
60,33,9/4/2025 14:16,35,61,35.61
61,31,9/4/2025 14:16,36,3,36.3
62,27,9/4/2025 14:16,37,31,37.31
63,30,9/4/2025 14:16,36,5,36.5
64,32,9/4/2025 14:16,35,93,35.93
65,37,9/4/2025 14:32,34,14,34.14
66,35,9/4/2025 14:32,34,55,34.55
67,39,9/4/2025 14:32,33,65,33.65
68,38,9/4/2025 14:32,33,38,33.38
69,29,9/4/2025 14:32,35,82,35.82
70,28,9/4/2025 14:32,36,5,36.5
71,26,9/4/2025 14:32,35,55,35.55
72,33,9/4/2025 14:32,34,47,34.47
73,31,9/4/2025 14:32,34,95,34.95
74,24,9/4/2025 14:32,36,94,36.94
75,30,9/4/2025 14:32,34,97,34.97
76,27,9/4/2025 14:32,35,97,35.97
77,32,9/4/2025 14:32,34,93,34.93
78,36,9/4/2025 14:32,35,5,35.5
79,27,9/4/2025 14:32,35,97,35.97
80,25,9/4/2025 14:32,36,8,36.8
81,34,9/4/2025 14:32,34,74,34.74
82,32,9/4/2025 14:48,35,3,35.3
83,37,9/4/2025 14:48,34,31,34.31
84,35,9/4/2025 14:48,34,45,34.45
85,39,9/4/2025 14:48,33,47,33.47
86,36,9/4/2025 14:48,35,15,35.15
87,28,9/4/2025 14:48,36,6,36.6
88,38,9/4/2025 14:48,33,37,33.37
89,30,9/4/2025 14:48,35,4,35.4
90,33,9/4/2025 14:48,34,41,34.41
91,34,9/4/2025 14:48,34,72,34.72
92,25,9/4/2025 14:48,35,79,35.79
93,31,9/4/2025 14:48,34,95,34.95
94,26,9/4/2025 14:48,35,43,35.43
95,29,9/4/2025 14:48,35,68,35.68
96,24,9/4/2025 14:48,36,84,36.84
97,27,9/4/2025 14:48,36,18,36.18
98,37,9/4/2025 15:04,32,15,32.15
99,36,9/4/2025 15:04,32,96,32.96
100,35,9/4/2025 15:04,32,55,32.55
101,39,9/4/2025 15:04,31,69,31.69
102,26,9/4/2025 15:04,34,1,34.1
103,25,9/4/2025 15:04,34,44,34.44
104,34,9/4/2025 15:04,33,1,33.1
105,33,9/4/2025 15:04,32,66,32.66
106,31,9/4/2025 15:04,33,6,33.6
107,30,9/4/2025 15:04,33,26,33.26
108,24,9/4/2025 15:04,35,36,35.36
109,30,9/4/2025 15:04,33,26,33.26
110,27,9/4/2025 15:04,34,58,34.58
111,29,9/4/2025 15:04,33,99,33.99
112,28,9/4/2025 15:04,34,45,34.45
113,38,9/4/2025 15:04,31,56,31.56
114,37,9/4/2025 15:20,32,79,32.79
115,35,9/4/2025 15:20,33,19,33.19
116,39,9/4/2025 15:20,32,16,32.16
117,38,9/4/2025 15:20,31,94,31.94
118,34,9/4/2025 15:20,33,34,33.34
119,30,9/4/2025 15:20,33,75,33.75
120,36,9/4/2025 15:20,33,65,33.65
121,26,9/4/2025 15:20,34,21,34.21
122,27,9/4/2025 15:20,35,13,35.13
123,25,9/4/2025 15:20,34,79,34.79
124,31,9/4/2025 15:20,33,70,33.7
125,28,9/4/2025 15:20,34,93,34.93
126,29,9/4/2025 15:20,34,53,34.53
127,24,9/4/2025 15:20,36,7,36.7
128,33,9/4/2025 15:20,33,9,33.9
129,32,9/4/2025 15:20,33,60,33.6
130,37,9/4/2025 15:36,33,86,33.86
131,35,9/4/2025 15:36,34,4,34.4
132,39,9/4/2025 15:36,33,43,33.43
133,26,9/4/2025 15:36,35,56,35.56
134,25,9/4/2025 15:36,35,94,35.94
135,24,9/4/2025 15:36,37,42,37.42
136,33,9/4/2025 15:36,34,56,34.56
137,28,9/4/2025 15:36,35,84,35.84
138,32,9/4/2025 15:36,34,62,34.62
139,27,9/4/2025 15:36,36,57,36.57
140,31,9/4/2025 15:36,34,81,34.81
141,36,9/4/2025 15:36,34,37,34.37
142,38,9/4/2025 15:36,33,4,33.4
143,30,9/4/2025 15:36,34,95,34.95
144,29,9/4/2025 15:36,35,55,35.55
145,34,9/4/2025 15:36,34,87,34.87
146,35,9/4/2025 15:52,36,70,36.7
147,26,9/4/2025 15:52,38,34,38.34
148,38,9/4/2025 15:52,35,58,35.58
149,39,9/4/2025 15:52,36,2,36.2
150,31,9/4/2025 15:52,37,53,37.53
151,28,9/4/2025 15:52,38,16,38.16
152,36,9/4/2025 15:52,37,11,37.11
153,37,9/4/2025 15:52,36,36,36.36
154,27,9/4/2025 15:52,39,9,39.9
155,24,9/4/2025 15:52,39,38,39.38
156,25,9/4/2025 15:52,38,33,38.33
157,30,9/4/2025 15:52,37,65,37.65
158,34,9/4/2025 15:52,37,56,37.56
159,29,9/4/2025 15:52,37,99,37.99
160,33,9/4/2025 15:52,37,27,37.27
161,32,9/4/2025 15:52,37,38,37.38
162,39,9/4/2025 16:08,37,48,37.48
163,30,9/4/2025 16:08,39,45,39.45
164,37,9/4/2025 16:08,38,8,38.8
165,25,9/4/2025 16:08,39,79,39.79
166,34,9/4/2025 16:08,39,34,39.34
167,28,9/4/2025 16:08,39,55,39.55
168,27,9/4/2025 16:08,40,62,40.62
169,35,9/4/2025 16:08,38,60,38.6
170,36,9/4/2025 16:08,38,78,38.78
171,24,9/4/2025 16:08,40,65,40.65
172,29,9/4/2025 16:08,39,67,39.67
173,31,9/4/2025 16:08,39,45,39.45
174,38,9/4/2025 16:08,37,43,37.43
175,33,9/4/2025 16:08,38,90,38.9
176,26,9/4/2025 16:08,39,52,39.52
177,32,9/4/2025 16:08,39,14,39.14
178,35,9/4/2025 16:24,37,82,37.82
179,39,9/4/2025 16:24,37,7,37.7
180,26,9/4/2025 16:24,38,86,38.86
181,37,9/4/2025 16:24,37,65,37.65
182,29,9/4/2025 16:24,39,4,39.4
183,28,9/4/2025 16:24,39,13,39.13
184,36,9/4/2025 16:24,38,9,38.9
185,38,9/4/2025 16:24,36,67,36.67
186,33,9/4/2025 16:24,38,1,38.1
187,34,9/4/2025 16:24,38,28,38.28
188,31,9/4/2025 16:24,38,33,38.33
189,30,9/4/2025 16:24,38,44,38.44
190,25,9/4/2025 16:24,39,27,39.27
191,27,9/4/2025 16:24,39,60,39.6
192,24,9/4/2025 16:24,40,22,40.22
193,32,9/4/2025 16:24,38,23,38.23
194,37,9/4/2025 16:40,37,8,37.8
195,26,9/4/2025 16:40,38,82,38.82
196,30,9/4/2025 16:40,38,0,38
197,39,9/4/2025 16:40,36,88,36.88
198,38,9/4/2025 16:40,36,44,36.44
199,24,9/4/2025 16:40,40,13,40.13
200,28,9/4/2025 16:40,38,61,38.61
201,34,9/4/2025 16:40,38,7,38.7
202,32,9/4/2025 16:40,37,75,37.75
203,33,9/4/2025 16:40,37,68,37.68
204,31,9/4/2025 16:40,38,17,38.17
205,27,9/4/2025 16:40,39,46,39.46
206,36,9/4/2025 16:40,37,25,37.25
207,35,9/4/2025 16:40,37,22,37.22
208,25,9/4/2025 16:40,39,7,39.7
209,29,9/4/2025 16:40,38,72,38.72
210,26,9/4/2025 16:56,36,57,36.57
211,28,9/4/2025 16:56,36,73,36.73
212,35,9/4/2025 16:56,34,43,34.43
213,27,9/4/2025 16:56,36,61,36.61
214,36,9/4/2025 16:56,34,89,34.89
215,38,9/4/2025 16:56,33,58,33.58
216,24,9/4/2025 16:56,38,25,38.25
217,39,9/4/2025 16:56,33,86,33.86
218,29,9/4/2025 16:56,36,49,36.49
219,25,9/4/2025 16:56,36,73,36.73
220,37,9/4/2025 16:56,34,15,34.15
221,31,9/4/2025 16:59,38,11,38.11
222,33,9/4/2025 16:59,37,45,37.45
223,32,9/4/2025 16:59,37,65,37.65
224,34,9/4/2025 16:59,37,86,37.86
225,37,9/4/2025 17:12,38,86,38.86
226,26,9/4/2025 17:12,40,16,40.16
227,38,9/4/2025 17:12,38,11,38.11
228,25,9/4/2025 17:12,40,20,40.2
229,27,9/4/2025 17:12,40,67,40.67
230,39,9/4/2025 17:12,38,31,38.31
231,36,9/4/2025 17:12,39,39,39.39
232,24,9/4/2025 17:12,41,55,41.55
233,28,9/4/2025 17:12,40,44,40.44
234,35,9/4/2025 17:12,39,14,39.14
235,29,9/4/2025 17:12,40,12,40.12
236,30,9/4/2025 17:15,39,63,39.63
237,33,9/4/2025 17:15,39,25,39.25
238,32,9/4/2025 17:15,39,97,39.97
239,34,9/4/2025 17:15,39,66,39.66
240,31,9/4/2025 17:15,39,47,39.47
241,37,9/4/2025 17:28,36,37,36.37
242,35,9/4/2025 17:28,36,14,36.14
243,39,9/4/2025 17:28,36,7,36.7
244,36,9/4/2025 17:28,36,75,36.75
245,28,9/4/2025 17:28,37,89,37.89
246,25,9/4/2025 17:28,38,28,38.28
247,27,9/4/2025 17:28,38,26,38.26
248,26,9/4/2025 17:28,37,89,37.89
249,24,9/4/2025 17:28,39,81,39.81
250,29,9/4/2025 17:28,37,84,37.84
251,38,9/4/2025 17:28,35,54,35.54
252,35,9/4/2025 17:44,42,38,42.38
253,39,9/4/2025 17:44,43,18,43.18
254,36,9/4/2025 17:44,42,2,42.2
255,25,9/4/2025 17:44,44,6,44.6
256,29,9/4/2025 17:44,42,84,42.84
257,27,9/4/2025 17:44,43,62,43.62
258,37,9/4/2025 17:44,43,3,43.3
259,38,9/4/2025 17:44,42,27,42.27
260,24,9/4/2025 17:44,44,39,44.39
261,26,9/4/2025 17:44,42,99,42.99
262,28,9/4/2025 17:44,42,52,42.52
263,34,9/4/2025 17:45,44,73,44.73
264,33,9/4/2025 17:45,43,96,43.96
265,31,9/4/2025 17:45,45,23,45.23
266,30,9/4/2025 17:45,44,29,44.29
267,32,9/4/2025 17:45,44,51,44.51
268,37,9/4/2025 18:00,40,89,40.89
269,35,9/4/2025 18:00,41,1,41.1
270,26,9/4/2025 18:00,41,66,41.66
271,38,9/4/2025 18:00,39,77,39.77
272,28,9/4/2025 18:00,42,23,42.23
273,24,9/4/2025 18:00,43,32,43.32
274,25,9/4/2025 18:00,42,30,42.3
275,29,9/4/2025 18:00,42,27,42.27
276,36,9/4/2025 18:00,41,6,41.6
277,39,9/4/2025 18:00,40,39,40.39
278,27,9/4/2025 18:00,42,16,42.16
279,31,9/4/2025 18:01,41,11,41.11
280,34,9/4/2025 18:01,41,5,41.5
281,30,9/4/2025 18:01,41,19,41.19
282,33,9/4/2025 18:01,41,2,41.2
283,32,9/4/2025 18:01,41,10,41.1
284,37,9/4/2025 18:16,37,18,37.18
285,35,9/4/2025 18:16,37,1,37.1
286,39,9/4/2025 18:16,37,32,37.32
287,26,9/4/2025 18:16,39,38,39.38
288,38,9/4/2025 18:16,36,82,36.82
289,36,9/4/2025 18:16,36,47,36.47
290,28,9/4/2025 18:16,39,64,39.64
291,25,9/4/2025 18:16,40,11,40.11
292,29,9/4/2025 18:16,39,13,39.13
293,27,9/4/2025 18:16,39,54,39.54
294,24,9/4/2025 18:16,41,13,41.13
295,30,9/4/2025 18:17,37,76,37.76
296,34,9/4/2025 18:17,37,57,37.57
297,33,9/4/2025 18:17,37,26,37.26
298,32,9/4/2025 18:17,37,41,37.41
299,31,9/4/2025 18:17,37,98,37.98
300,39,9/4/2025 18:32,41,39,41.39
301,26,9/4/2025 18:32,41,49,41.49
302,38,9/4/2025 18:32,40,72,40.72
303,35,9/4/2025 18:32,40,70,40.7
304,28,9/4/2025 18:32,41,42,41.42
305,24,9/4/2025 18:32,43,27,43.27
306,29,9/4/2025 18:32,41,73,41.73
307,36,9/4/2025 18:32,39,25,39.25
308,25,9/4/2025 18:32,42,49,42.49
309,27,9/4/2025 18:32,42,18,42.18
310,37,9/4/2025 18:32,41,6,41.6
311,34,9/4/2025 18:33,41,88,41.88
312,33,9/4/2025 18:33,41,60,41.6
313,31,9/4/2025 18:33,41,97,41.97
314,30,9/4/2025 18:33,41,14,41.14
315,32,9/4/2025 18:33,41,26,41.26
316,37,9/4/2025 18:48,43,23,43.23
317,26,9/4/2025 18:48,42,59,42.59
318,39,9/4/2025 18:48,43,82,43.82
319,38,9/4/2025 18:48,42,68,42.68
320,36,9/4/2025 18:48,41,68,41.68
321,35,9/4/2025 18:48,42,72,42.72
322,27,9/4/2025 18:48,43,32,43.32
323,24,9/4/2025 18:48,45,3,45.3
324,29,9/4/2025 18:48,43,30,43.3
325,28,9/4/2025 18:48,42,80,42.8
326,25,9/4/2025 18:48,44,3,44.3
327,32,9/4/2025 18:49,43,48,43.48
328,30,9/4/2025 18:49,43,39,43.39
329,31,9/4/2025 18:49,44,19,44.19
330,34,9/4/2025 18:49,44,15,44.15
331,33,9/4/2025 18:49,43,84,43.84
332,39,9/4/2025 19:04,44,86,44.86
333,37,9/4/2025 19:04,44,84,44.84
334,26,9/4/2025 19:04,44,35,44.35
335,35,9/4/2025 19:04,44,12,44.12
336,24,9/4/2025 19:04,46,58,46.58
337,27,9/4/2025 19:04,44,93,44.93
338,38,9/4/2025 19:04,43,89,43.89
339,25,9/4/2025 19:04,45,88,45.88
340,36,9/4/2025 19:04,44,30,44.3
341,28,9/4/2025 19:04,44,64,44.64
342,29,9/4/2025 19:04,44,91,44.91
343,32,9/4/2025 19:05,45,4,45.4
344,31,9/4/2025 19:05,45,60,45.6
345,30,9/4/2025 19:05,45,9,45.9
346,34,9/4/2025 19:05,45,53,45.53
347,33,9/4/2025 19:05,45,29,45.29
348,26,9/4/2025 19:20,44,69,44.69
349,35,9/4/2025 19:20,45,5,45.5
350,38,9/4/2025 19:20,44,80,44.8
351,25,9/4/2025 19:20,45,91,45.91
352,39,9/4/2025 19:20,46,2,46.2
353,36,9/4/2025 19:20,44,69,44.69
354,29,9/4/2025 19:20,45,24,45.24
355,28,9/4/2025 19:20,44,85,44.85
356,27,9/4/2025 19:20,45,24,45.24
357,24,9/4/2025 19:20,46,59,46.59
358,37,9/4/2025 19:20,45,70,45.7
359,32,9/4/2025 19:21,45,65,45.65
360,30,9/4/2025 19:21,45,51,45.51
361,34,9/4/2025 19:21,46,14,46.14
362,33,9/4/2025 19:21,45,79,45.79
363,31,9/4/2025 19:21,46,19,46.19
364,37,9/4/2025 19:36,46,17,46.17
365,35,9/4/2025 19:36,45,48,45.48
366,26,9/4/2025 19:36,45,12,45.12
367,28,9/4/2025 19:36,45,22,45.22
368,24,9/4/2025 19:36,46,84,46.84
369,25,9/4/2025 19:36,46,19,46.19
370,27,9/4/2025 19:36,45,49,45.49
371,38,9/4/2025 19:36,45,18,45.18
372,39,9/4/2025 19:36,46,45,46.45
373,36,9/4/2025 19:36,45,24,45.24
374,29,9/4/2025 19:36,45,54,45.54
375,34,9/4/2025 19:37,46,57,46.57
376,33,9/4/2025 19:37,46,16,46.16
377,32,9/4/2025 19:37,46,1,46.1
378,31,9/4/2025 19:37,46,56,46.56
379,30,9/4/2025 19:37,45,95,45.95
380,37,9/4/2025 19:52,45,93,45.93
381,39,9/4/2025 19:52,46,17,46.17
382,26,9/4/2025 19:52,45,9,45.9
383,35,9/4/2025 19:52,45,34,45.34
384,36,9/4/2025 19:52,45,16,45.16
385,28,9/4/2025 19:52,45,27,45.27
386,29,9/4/2025 19:52,45,40,45.4
387,38,9/4/2025 19:52,45,0,45
388,27,9/4/2025 19:52,45,52,45.52
389,24,9/4/2025 19:52,46,80,46.8
390,25,9/4/2025 19:52,46,19,46.19
391,32,9/4/2025 19:53,45,78,45.78
392,30,9/4/2025 19:53,45,68,45.68
393,33,9/4/2025 19:53,45,84,45.84
394,31,9/4/2025 19:53,46,27,46.27
395,34,9/4/2025 19:53,46,25,46.25
396,37,9/4/2025 20:08,45,83,45.83
397,39,9/4/2025 20:08,46,9,46.9
398,35,9/4/2025 20:08,45,19,45.19
399,28,9/4/2025 20:08,45,18,45.18
400,38,9/4/2025 20:08,44,84,44.84
401,24,9/4/2025 20:08,46,76,46.76
402,25,9/4/2025 20:08,46,4,46.4
403,26,9/4/2025 20:08,45,1,45.1
404,36,9/4/2025 20:08,45,13,45.13
405,29,9/4/2025 20:08,45,22,45.22
406,27,9/4/2025 20:08,45,62,45.62
407,34,9/4/2025 20:09,46,19,46.19
408,33,9/4/2025 20:09,45,84,45.84
409,31,9/4/2025 20:09,46,14,46.14
410,32,9/4/2025 20:09,45,69,45.69
411,30,9/4/2025 20:09,45,61,45.61
412,37,9/4/2025 20:24,45,91,45.91
413,39,9/4/2025 20:24,45,89,45.89
414,35,9/4/2025 20:24,45,21,45.21
415,36,9/4/2025 20:24,45,23,45.23
416,38,9/4/2025 20:24,44,78,44.78
417,25,9/4/2025 20:24,46,12,46.12
418,24,9/4/2025 20:24,46,84,46.84
419,29,9/4/2025 20:24,45,19,45.19
420,28,9/4/2025 20:24,45,25,45.25
421,26,9/4/2025 20:24,45,16,45.16
422,27,9/4/2025 20:24,45,61,45.61
423,30,9/4/2025 20:25,45,62,45.62
424,34,9/4/2025 20:25,46,18,46.18
425,31,9/4/2025 20:25,46,16,46.16
426,33,9/4/2025 20:25,45,85,45.85
427,32,9/4/2025 20:25,45,73,45.73
428,37,9/4/2025 20:40,46,3,46.3
429,35,9/4/2025 20:40,45,30,45.3
430,36,9/4/2025 20:40,45,40,45.4
431,29,9/4/2025 20:40,45,34,45.34
432,26,9/4/2025 20:40,45,32,45.32
433,38,9/4/2025 20:40,44,89,44.89
434,28,9/4/2025 20:40,45,34,45.34
435,39,9/4/2025 20:40,45,97,45.97
436,24,9/4/2025 20:40,46,85,46.85
437,25,9/4/2025 20:40,46,23,46.23
438,27,9/4/2025 20:40,45,76,45.76
439,30,9/4/2025 20:41,45,74,45.74
440,33,9/4/2025 20:41,45,93,45.93
441,31,9/4/2025 20:41,46,25,46.25
442,34,9/4/2025 20:41,46,29,46.29
443,32,9/4/2025 20:41,45,88,45.88
444,37,9/4/2025 20:56,46,12,46.12
445,35,9/4/2025 20:56,45,37,45.37
446,39,9/4/2025 20:56,46,0,46
447,26,9/4/2025 20:56,45,36,45.36
448,28,9/4/2025 20:56,45,41,45.41
449,36,9/4/2025 20:56,45,49,45.49
450,25,9/4/2025 20:56,46,26,46.26
451,38,9/4/2025 20:56,44,95,44.95
452,27,9/4/2025 20:56,45,77,45.77
453,29,9/4/2025 20:56,45,49,45.49
454,24,9/4/2025 20:56,47,1,47.1
455,32,9/4/2025 20:57,45,99,45.99
456,34,9/4/2025 20:57,46,41,46.41
457,33,9/4/2025 20:57,46,5,46.5
458,30,9/4/2025 20:57,45,89,45.89
459,31,9/4/2025 20:57,46,39,46.39
460,37,9/4/2025 21:12,46,18,46.18
461,39,9/4/2025 21:12,45,95,45.95
462,35,9/4/2025 21:12,45,36,45.36
463,26,9/4/2025 21:12,45,38,45.38
464,36,9/4/2025 21:12,45,49,45.49
465,24,9/4/2025 21:12,46,89,46.89
466,28,9/4/2025 21:12,45,44,45.44
467,25,9/4/2025 21:12,46,26,46.26
468,29,9/4/2025 21:12,45,46,45.46
469,27,9/4/2025 21:12,45,76,45.76
470,38,9/4/2025 21:12,44,97,44.97
471,30,9/4/2025 21:13,45,91,45.91
472,32,9/4/2025 21:13,46,0,46
473,31,9/4/2025 21:13,46,40,46.4
474,34,9/4/2025 21:13,46,39,46.39
475,33,9/4/2025 21:13,46,5,46.5
476,35,9/4/2025 21:28,45,13,45.13
477,39,9/4/2025 21:28,45,71,45.71
478,26,9/4/2025 21:28,45,34,45.34
479,25,9/4/2025 21:28,46,14,46.14
480,24,9/4/2025 21:28,47,1,47.1
481,29,9/4/2025 21:28,45,36,45.36
482,38,9/4/2025 21:28,44,77,44.77
483,28,9/4/2025 21:28,45,40,45.4
484,27,9/4/2025 21:28,45,81,45.81
485,36,9/4/2025 21:28,45,28,45.28
486,37,9/4/2025 21:28,45,93,45.93
487,32,9/4/2025 21:29,45,74,45.74
488,33,9/4/2025 21:29,45,89,45.89
489,31,9/4/2025 21:29,46,16,46.16
490,30,9/4/2025 21:29,45,74,45.74
491,34,9/4/2025 21:29,46,22,46.22
492,37,9/4/2025 21:44,45,66,45.66
493,35,9/4/2025 21:44,44,86,44.86
494,36,9/4/2025 21:44,45,7,45.7
495,29,9/4/2025 21:44,45,47,45.47
496,26,9/4/2025 21:44,45,34,45.34
497,28,9/4/2025 21:44,45,33,45.33
498,25,9/4/2025 21:44,46,19,46.19
499,38,9/4/2025 21:44,44,48,44.48
500,39,9/4/2025 21:44,45,37,45.37
501,24,9/4/2025 21:44,46,91,46.91
502,27,9/4/2025 21:44,45,97,45.97
503,32,9/4/2025 21:45,45,52,45.52
504,30,9/4/2025 21:45,45,50,45.5
505,33,9/4/2025 21:45,45,64,45.64
506,31,9/4/2025 21:45,45,94,45.94
507,34,9/4/2025 21:45,45,96,45.96
508,37,9/4/2025 22:00,45,53,45.53
509,35,9/4/2025 22:00,44,76,44.76
510,39,9/4/2025 22:00,45,22,45.22
511,26,9/4/2025 22:00,45,25,45.25
512,28,9/4/2025 22:00,45,29,45.29
513,38,9/4/2025 22:00,44,32,44.32
514,25,9/4/2025 22:00,46,17,46.17
515,36,9/4/2025 22:00,45,0,45
516,24,9/4/2025 22:00,46,93,46.93
517,29,9/4/2025 22:00,45,54,45.54
518,27,9/4/2025 22:00,45,93,45.93
519,32,9/4/2025 22:01,45,39,45.39
520,30,9/4/2025 22:01,45,33,45.33
521,34,9/4/2025 22:01,45,78,45.78
522,33,9/4/2025 22:01,45,43,45.43
523,31,9/4/2025 22:01,45,79,45.79
524,37,9/4/2025 22:16,45,32,45.32
525,35,9/4/2025 22:16,44,54,44.54
526,39,9/4/2025 22:16,44,98,44.98
527,26,9/4/2025 22:16,45,23,45.23
528,38,9/4/2025 22:16,44,11,44.11
529,25,9/4/2025 22:16,46,23,46.23
530,36,9/4/2025 22:16,44,81,44.81
531,29,9/4/2025 22:16,45,67,45.67
532,24,9/4/2025 22:16,46,86,46.86
533,28,9/4/2025 22:16,45,26,45.26
534,27,9/4/2025 22:16,45,98,45.98
535,30,9/4/2025 22:17,45,24,45.24
536,34,9/4/2025 22:17,45,65,45.65
537,33,9/4/2025 22:17,45,29,45.29
538,31,9/4/2025 22:17,45,73,45.73
539,32,9/4/2025 22:17,45,34,45.34
540,37,9/4/2025 22:32,45,17,45.17
541,39,9/4/2025 22:32,44,87,44.87
542,35,9/4/2025 22:32,44,49,44.49
543,38,9/4/2025 22:32,44,4,44.4
544,29,9/4/2025 22:32,45,73,45.73
545,36,9/4/2025 22:32,44,73,44.73
546,28,9/4/2025 22:32,45,34,45.34
547,24,9/4/2025 22:32,46,94,46.94
548,25,9/4/2025 22:32,46,19,46.19
549,27,9/4/2025 22:32,46,26,46.26
550,26,9/4/2025 22:32,45,30,45.3
551,32,9/4/2025 22:33,45,29,45.29
552,34,9/4/2025 22:33,45,68,45.68
553,33,9/4/2025 22:33,45,31,45.31
554,31,9/4/2025 22:33,45,69,45.69
555,30,9/4/2025 22:33,45,27,45.27
556,37,9/4/2025 22:48,45,11,45.11
557,35,9/4/2025 22:48,44,53,44.53
558,39,9/4/2025 22:48,44,87,44.87
559,36,9/4/2025 22:48,44,76,44.76
560,38,9/4/2025 22:48,44,5,44.5
561,29,9/4/2025 22:48,45,52,45.52
562,28,9/4/2025 22:48,45,36,45.36
563,25,9/4/2025 22:48,46,8,46.8
564,24,9/4/2025 22:48,46,85,46.85
565,26,9/4/2025 22:48,45,34,45.34
566,27,9/4/2025 22:48,46,36,46.36
567,30,9/4/2025 22:49,45,25,45.25
568,34,9/4/2025 22:49,45,65,45.65
569,33,9/4/2025 22:49,45,23,45.23
570,31,9/4/2025 22:49,45,58,45.58
571,32,9/4/2025 22:49,45,19,45.19
572,35,9/4/2025 23:04,44,46,44.46
573,37,9/4/2025 23:04,45,0,45
574,26,9/4/2025 23:04,45,46,45.46
575,39,9/4/2025 23:04,44,83,44.83
576,28,9/4/2025 23:04,45,44,45.44
577,29,9/4/2025 23:04,45,60,45.6
578,36,9/4/2025 23:04,44,66,44.66
579,25,9/4/2025 23:04,46,10,46.1
580,38,9/4/2025 23:04,44,2,44.2
581,27,9/4/2025 23:04,46,38,46.38
582,24,9/4/2025 23:04,46,90,46.9
583,32,9/4/2025 23:05,45,21,45.21
584,30,9/4/2025 23:05,45,23,45.23
585,33,9/4/2025 23:05,45,18,45.18
586,31,9/4/2025 23:05,45,60,45.6
587,34,9/4/2025 23:05,45,55,45.55
588,37,9/4/2025 23:20,44,94,44.94
589,39,9/4/2025 23:20,44,63,44.63
590,26,9/4/2025 23:20,45,47,45.47
591,28,9/4/2025 23:20,45,41,45.41
592,38,9/4/2025 23:20,43,87,43.87
593,29,9/4/2025 23:20,45,69,45.69
594,36,9/4/2025 23:20,44,66,44.66
595,25,9/4/2025 23:20,46,3,46.3
596,24,9/4/2025 23:20,46,78,46.78
597,27,9/4/2025 23:20,46,22,46.22
598,35,9/4/2025 23:20,44,36,44.36
599,32,9/4/2025 23:21,45,14,45.14
600,33,9/4/2025 23:21,45,8,45.8
601,30,9/4/2025 23:21,45,16,45.16
602,31,9/4/2025 23:21,45,51,45.51
603,34,9/4/2025 23:21,45,48,45.48
604,35,9/4/2025 23:36,44,41,44.41
605,37,9/4/2025 23:36,44,75,44.75
606,26,9/4/2025 23:36,45,54,45.54
607,39,9/4/2025 23:36,44,63,44.63
608,28,9/4/2025 23:36,45,50,45.5
609,38,9/4/2025 23:36,43,95,43.95
610,24,9/4/2025 23:36,46,92,46.92
611,36,9/4/2025 23:36,44,67,44.67
612,25,9/4/2025 23:36,46,13,46.13
613,29,9/4/2025 23:36,45,85,45.85
614,27,9/4/2025 23:36,46,42,46.42
615,30,9/4/2025 23:37,45,47,45.47
616,33,9/4/2025 23:37,45,29,45.29
617,34,9/4/2025 23:37,45,70,45.7
618,31,9/4/2025 23:37,45,60,45.6
619,32,9/4/2025 23:37,45,22,45.22
620,35,9/4/2025 23:52,44,43,44.43
621,26,9/4/2025 23:52,45,56,45.56
622,37,9/4/2025 23:52,44,71,44.71
623,28,9/4/2025 23:52,45,55,45.55
624,39,9/4/2025 23:52,44,69,44.69
625,29,9/4/2025 23:52,45,86,45.86
626,36,9/4/2025 23:52,44,66,44.66
627,25,9/4/2025 23:52,46,17,46.17
628,24,9/4/2025 23:52,46,97,46.97
629,38,9/4/2025 23:52,44,10,44.1
630,27,9/4/2025 23:52,46,36,46.36
631,32,9/4/2025 23:53,45,19,45.19
632,30,9/4/2025 23:53,45,41,45.41
633,33,9/4/2025 23:53,45,27,45.27
634,34,9/4/2025 23:53,45,70,45.7
635,31,9/4/2025 23:53,45,60,45.6
636,32,9/4/2025 23:54,45,19,45.19
637,35,10/4/2025 0:08,44,49,44.49
638,37,10/4/2025 0:08,44,64,44.64
639,39,10/4/2025 0:08,44,78,44.78
640,28,10/4/2025 0:08,45,54,45.54
641,29,10/4/2025 0:08,45,90,45.9
642,38,10/4/2025 0:08,44,9,44.9
643,36,10/4/2025 0:08,44,65,44.65
644,26,10/4/2025 0:08,45,64,45.64
645,25,10/4/2025 0:08,46,17,46.17
646,24,10/4/2025 0:08,46,99,46.99
647,27,10/4/2025 0:08,46,32,46.32
648,30,10/4/2025 0:09,45,42,45.42
649,34,10/4/2025 0:09,45,60,45.6
650,32,10/4/2025 0:09,45,16,45.16
651,31,10/4/2025 0:09,45,62,45.62
652,33,10/4/2025 0:09,45,17,45.17
653,37,10/4/2025 0:24,44,58,44.58
654,26,10/4/2025 0:24,45,54,45.54
655,39,10/4/2025 0:24,44,49,44.49
656,35,10/4/2025 0:24,44,32,44.32
657,28,10/4/2025 0:24,45,42,45.42
658,29,10/4/2025 0:24,45,97,45.97
659,38,10/4/2025 0:24,43,88,43.88
660,36,10/4/2025 0:24,44,56,44.56
661,24,10/4/2025 0:24,46,95,46.95
662,25,10/4/2025 0:24,46,10,46.1
663,27,10/4/2025 0:24,46,16,46.16
664,34,10/4/2025 0:25,45,51,45.51
665,33,10/4/2025 0:25,45,2,45.2
666,30,10/4/2025 0:25,45,27,45.27
667,31,10/4/2025 0:25,45,40,45.4
668,32,10/4/2025 0:25,45,0,45
669,37,10/4/2025 0:40,44,66,44.66
670,35,10/4/2025 0:40,44,26,44.26
671,26,10/4/2025 0:40,45,46,45.46
672,39,10/4/2025 0:40,44,55,44.55
673,38,10/4/2025 0:40,43,85,43.85
674,36,10/4/2025 0:40,44,56,44.56
675,28,10/4/2025 0:40,45,36,45.36
676,29,10/4/2025 0:40,45,84,45.84
677,24,10/4/2025 0:40,46,94,46.94
678,25,10/4/2025 0:40,46,12,46.12
679,27,10/4/2025 0:40,46,16,46.16
680,32,10/4/2025 0:41,44,95,44.95
681,34,10/4/2025 0:41,45,47,45.47
682,33,10/4/2025 0:41,45,3,45.3
683,31,10/4/2025 0:41,45,39,45.39
684,30,10/4/2025 0:41,45,29,45.29
685,37,10/4/2025 0:56,44,55,44.55
686,39,10/4/2025 0:56,44,47,44.47
687,35,10/4/2025 0:56,44,22,44.22
688,26,10/4/2025 0:56,45,52,45.52
689,28,10/4/2025 0:56,45,27,45.27
690,38,10/4/2025 0:56,43,86,43.86
691,29,10/4/2025 0:56,45,76,45.76
692,36,10/4/2025 0:56,44,51,44.51
693,24,10/4/2025 0:56,46,96,46.96
694,25,10/4/2025 0:56,45,95,45.95
695,27,10/4/2025 0:56,45,98,45.98
696,30,10/4/2025 0:57,45,12,45.12
697,34,10/4/2025 0:57,45,38,45.38
698,33,10/4/2025 0:57,44,95,44.95
699,31,10/4/2025 0:57,45,26,45.26
700,32,10/4/2025 0:57,44,85,44.85
701,35,10/4/2025 1:12,44,27,44.27
702,37,10/4/2025 1:12,44,61,44.61
703,26,10/4/2025 1:12,45,47,45.47
704,39,10/4/2025 1:12,44,37,44.37
705,28,10/4/2025 1:12,45,32,45.32
706,29,10/4/2025 1:12,45,58,45.58
707,38,10/4/2025 1:12,43,81,43.81
708,36,10/4/2025 1:12,44,51,44.51
709,24,10/4/2025 1:12,46,94,46.94
710,25,10/4/2025 1:12,45,90,45.9
711,27,10/4/2025 1:12,46,5,46.5
712,32,10/4/2025 1:13,44,87,44.87
713,34,10/4/2025 1:13,45,26,45.26
714,30,10/4/2025 1:13,45,8,45.8
715,31,10/4/2025 1:13,45,21,45.21
716,33,10/4/2025 1:13,44,83,44.83
717,39,10/4/2025 1:28,44,34,44.34
718,37,10/4/2025 1:28,44,56,44.56
719,26,10/4/2025 1:28,45,39,45.39
720,35,10/4/2025 1:28,44,19,44.19
721,28,10/4/2025 1:28,45,16,45.16
722,29,10/4/2025 1:28,45,53,45.53
723,38,10/4/2025 1:28,43,73,43.73
724,36,10/4/2025 1:28,44,46,44.46
725,25,10/4/2025 1:28,45,89,45.89
726,24,10/4/2025 1:28,46,90,46.9
727,27,10/4/2025 1:28,45,84,45.84
728,30,10/4/2025 1:29,45,4,45.4
729,32,10/4/2025 1:29,44,80,44.8
730,33,10/4/2025 1:29,44,77,44.77
731,34,10/4/2025 1:29,45,22,45.22
732,31,10/4/2025 1:29,45,26,45.26
733,39,10/4/2025 1:44,44,8,44.8
734,26,10/4/2025 1:44,45,17,45.17
735,35,10/4/2025 1:44,43,95,43.95
736,37,10/4/2025 1:44,44,42,44.42
737,28,10/4/2025 1:44,45,0,45
738,29,10/4/2025 1:44,45,37,45.37
739,38,10/4/2025 1:44,43,46,43.46
740,36,10/4/2025 1:44,44,33,44.33
741,24,10/4/2025 1:44,46,51,46.51
742,25,10/4/2025 1:44,45,69,45.69
743,27,10/4/2025 1:44,45,54,45.54
744,32,10/4/2025 1:45,44,57,44.57
745,34,10/4/2025 1:45,44,93,44.93
746,30,10/4/2025 1:45,44,71,44.71
747,31,10/4/2025 1:45,44,85,44.85
748,33,10/4/2025 1:45,44,48,44.48
749,37,10/4/2025 2:00,44,16,44.16
750,35,10/4/2025 2:00,43,76,43.76
751,26,10/4/2025 2:00,45,29,45.29
752,39,10/4/2025 2:00,44,6,44.6
753,29,10/4/2025 2:00,45,27,45.27
754,28,10/4/2025 2:00,45,10,45.1
755,38,10/4/2025 2:00,43,49,43.49
756,36,10/4/2025 2:00,44,6,44.6
757,25,10/4/2025 2:00,45,74,45.74
758,24,10/4/2025 2:00,46,53,46.53
759,27,10/4/2025 2:00,45,74,45.74
760,32,10/4/2025 2:01,44,35,44.35
761,34,10/4/2025 2:01,44,89,44.89
762,30,10/4/2025 2:01,44,80,44.8
763,33,10/4/2025 2:01,44,42,44.42
764,31,10/4/2025 2:01,44,77,44.77
765,37,10/4/2025 2:16,44,15,44.15
766,35,10/4/2025 2:16,43,72,43.72
767,39,10/4/2025 2:16,43,98,43.98
768,26,10/4/2025 2:16,45,21,45.21
769,28,10/4/2025 2:16,44,96,44.96
770,29,10/4/2025 2:16,45,30,45.3
771,36,10/4/2025 2:16,44,18,44.18
772,24,10/4/2025 2:16,46,63,46.63
773,25,10/4/2025 2:16,45,74,45.74
774,38,10/4/2025 2:16,43,38,43.38
775,27,10/4/2025 2:16,45,61,45.61
776,30,10/4/2025 2:17,44,73,44.73
777,33,10/4/2025 2:17,44,54,44.54
778,34,10/4/2025 2:17,45,4,45.4
779,31,10/4/2025 2:17,44,98,44.98
780,32,10/4/2025 2:17,44,42,44.42
781,35,10/4/2025 2:32,43,84,43.84
782,37,10/4/2025 2:32,44,3,44.3
783,26,10/4/2025 2:32,45,35,45.35
784,39,10/4/2025 2:32,43,99,43.99
785,29,10/4/2025 2:32,45,21,45.21
786,28,10/4/2025 2:32,45,4,45.4
787,36,10/4/2025 2:32,44,18,44.18
788,24,10/4/2025 2:32,46,59,46.59
789,25,10/4/2025 2:32,45,67,45.67
790,27,10/4/2025 2:32,45,72,45.72
791,38,10/4/2025 2:32,43,40,43.4
792,32,10/4/2025 2:33,44,49,44.49
793,30,10/4/2025 2:33,44,84,44.84
794,33,10/4/2025 2:33,44,58,44.58
795,34,10/4/2025 2:33,45,7,45.7
796,31,10/4/2025 2:33,44,90,44.9
797,37,10/4/2025 2:48,44,8,44.8
798,35,10/4/2025 2:48,43,83,43.83
799,26,10/4/2025 2:48,45,39,45.39
800,29,10/4/2025 2:48,45,25,45.25
801,28,10/4/2025 2:48,45,7,45.7
802,38,10/4/2025 2:48,43,47,43.47
803,24,10/4/2025 2:48,46,60,46.6
804,39,10/4/2025 2:48,44,6,44.6
805,25,10/4/2025 2:48,45,71,45.71
806,36,10/4/2025 2:48,44,21,44.21
807,27,10/4/2025 2:48,45,72,45.72
808,32,10/4/2025 2:49,44,36,44.36
809,30,10/4/2025 2:49,44,84,44.84
810,33,10/4/2025 2:49,44,66,44.66
811,31,10/4/2025 2:49,44,87,44.87
812,34,10/4/2025 2:49,45,2,45.2
813,32,10/4/2025 2:50,44,36,44.36
814,35,10/4/2025 3:04,43,90,43.9
815,39,10/4/2025 3:04,43,99,43.99
816,37,10/4/2025 3:04,44,11,44.11
817,26,10/4/2025 3:04,45,42,45.42
818,29,10/4/2025 3:04,45,23,45.23
819,28,10/4/2025 3:04,45,14,45.14
820,38,10/4/2025 3:04,43,49,43.49
821,36,10/4/2025 3:04,44,27,44.27
822,24,10/4/2025 3:04,46,57,46.57
823,25,10/4/2025 3:04,45,72,45.72
824,27,10/4/2025 3:04,45,76,45.76
825,30,10/4/2025 3:05,44,91,44.91
826,33,10/4/2025 3:05,44,73,44.73
827,34,10/4/2025 3:05,45,6,45.6
828,31,10/4/2025 3:05,45,2,45.2
829,32,10/4/2025 3:05,44,62,44.62
830,37,10/4/2025 3:20,44,19,44.19
831,39,10/4/2025 3:20,44,7,44.7
832,26,10/4/2025 3:20,45,43,45.43
833,35,10/4/2025 3:20,43,93,43.93
834,28,10/4/2025 3:20,45,14,45.14
835,29,10/4/2025 3:20,45,25,45.25
836,38,10/4/2025 3:20,43,52,43.52
837,24,10/4/2025 3:20,46,58,46.58
838,25,10/4/2025 3:20,45,80,45.8
839,36,10/4/2025 3:20,44,30,44.3
840,27,10/4/2025 3:20,45,78,45.78
841,32,10/4/2025 3:21,44,68,44.68
842,34,10/4/2025 3:21,45,13,45.13
843,30,10/4/2025 3:21,44,83,44.83
844,33,10/4/2025 3:21,44,78,44.78
845,31,10/4/2025 3:21,45,6,45.6
846,32,10/4/2025 3:22,44,68,44.68
847,37,10/4/2025 3:36,44,30,44.3
848,35,10/4/2025 3:36,43,93,43.93
849,35,10/4/2025 3:36,43,93,43.93
850,26,10/4/2025 3:36,45,44,45.44
851,29,10/4/2025 3:36,45,25,45.25
852,28,10/4/2025 3:36,45,10,45.1
853,38,10/4/2025 3:36,43,47,43.47
854,36,10/4/2025 3:36,44,32,44.32
855,39,10/4/2025 3:36,44,2,44.2
856,25,10/4/2025 3:36,45,70,45.7
857,24,10/4/2025 3:36,46,56,46.56
858,27,10/4/2025 3:36,45,71,45.71
859,32,10/4/2025 3:37,44,64,44.64
860,30,10/4/2025 3:37,44,96,44.96
861,33,10/4/2025 3:37,44,83,44.83
862,34,10/4/2025 3:37,45,19,45.19
863,31,10/4/2025 3:37,44,93,44.93
864,37,10/4/2025 3:52,44,23,44.23
865,35,10/4/2025 3:52,43,90,43.9
866,39,10/4/2025 3:52,44,3,44.3
867,26,10/4/2025 3:52,45,44,45.44
868,28,10/4/2025 3:52,45,11,45.11
869,29,10/4/2025 3:52,45,39,45.39
870,38,10/4/2025 3:52,43,53,43.53
871,36,10/4/2025 3:52,44,32,44.32
872,24,10/4/2025 3:52,46,55,46.55
873,25,10/4/2025 3:52,45,74,45.74
874,27,10/4/2025 3:52,45,74,45.74
875,32,10/4/2025 3:53,44,63,44.63
876,30,10/4/2025 3:53,44,89,44.89
877,34,10/4/2025 3:53,45,10,45.1
878,33,10/4/2025 3:53,44,71,44.71
879,31,10/4/2025 3:53,44,99,44.99
880,37,10/4/2025 4:08,44,29,44.29
881,35,10/4/2025 4:08,44,1,44.1
882,39,10/4/2025 4:08,44,9,44.9
883,26,10/4/2025 4:08,45,49,45.49
884,28,10/4/2025 4:08,45,12,45.12
885,29,10/4/2025 4:08,45,36,45.36
886,38,10/4/2025 4:08,43,60,43.6
887,36,10/4/2025 4:08,44,36,44.36
888,24,10/4/2025 4:08,46,59,46.59
889,25,10/4/2025 4:08,45,76,45.76
890,27,10/4/2025 4:08,45,73,45.73
891,32,10/4/2025 4:09,44,67,44.67
892,30,10/4/2025 4:09,44,94,44.94
893,34,10/4/2025 4:09,45,20,45.2
894,33,10/4/2025 4:09,44,83,44.83
895,31,10/4/2025 4:09,45,10,45.1
896,37,10/4/2025 4:24,44,35,44.35
897,35,10/4/2025 4:24,44,3,44.3
898,26,10/4/2025 4:24,45,52,45.52
899,39,10/4/2025 4:24,44,14,44.14
900,29,10/4/2025 4:24,45,44,45.44
901,28,10/4/2025 4:24,45,28,45.28
902,24,10/4/2025 4:24,46,58,46.58
903,25,10/4/2025 4:24,45,86,45.86
904,38,10/4/2025 4:24,43,62,43.62
905,36,10/4/2025 4:24,44,43,44.43
906,27,10/4/2025 4:24,45,79,45.79
907,32,10/4/2025 4:25,44,69,44.69
908,34,10/4/2025 4:25,45,35,45.35
909,30,10/4/2025 4:25,45,6,45.6
910,33,10/4/2025 4:25,45,1,45.1
911,31,10/4/2025 4:25,45,12,45.12
912,35,10/4/2025 4:40,44,9,44.9
913,39,10/4/2025 4:40,44,29,44.29
914,26,10/4/2025 4:40,45,58,45.58
915,29,10/4/2025 4:40,45,58,45.58
916,28,10/4/2025 4:40,45,31,45.31
917,37,10/4/2025 4:40,44,41,44.41
918,38,10/4/2025 4:40,43,74,43.74
919,36,10/4/2025 4:40,44,46,44.46
920,24,10/4/2025 4:40,46,65,46.65
921,25,10/4/2025 4:40,45,97,45.97
922,27,10/4/2025 4:40,45,79,45.79
923,32,10/4/2025 4:41,44,84,44.84
924,30,10/4/2025 4:41,45,9,45.9
925,34,10/4/2025 4:41,45,48,45.48
926,33,10/4/2025 4:41,45,15,45.15
927,31,10/4/2025 4:41,45,22,45.22
928,37,10/4/2025 4:56,44,40,44.4
929,35,10/4/2025 4:56,44,6,44.6
930,39,10/4/2025 4:56,44,8,44.8
931,26,10/4/2025 4:56,45,49,45.49
932,29,10/4/2025 4:56,45,50,45.5
933,28,10/4/2025 4:56,45,27,45.27
934,36,10/4/2025 4:56,44,45,44.45
935,24,10/4/2025 4:56,46,57,46.57
936,25,10/4/2025 4:56,45,87,45.87
937,38,10/4/2025 4:56,43,62,43.62
938,27,10/4/2025 4:56,45,78,45.78
939,32,10/4/2025 4:57,44,79,44.79
940,30,10/4/2025 4:57,45,4,45.4
941,34,10/4/2025 4:57,45,32,45.32
942,33,10/4/2025 4:57,45,2,45.2
943,31,10/4/2025 4:57,45,30,45.3
944,37,10/4/2025 5:12,44,32,44.32
945,39,10/4/2025 5:12,43,98,43.98
946,35,10/4/2025 5:12,44,4,44.4
947,26,10/4/2025 5:12,45,46,45.46
948,29,10/4/2025 5:12,45,36,45.36
949,28,10/4/2025 5:12,45,15,45.15
950,38,10/4/2025 5:12,43,51,43.51
951,36,10/4/2025 5:12,44,41,44.41
952,24,10/4/2025 5:12,46,54,46.54
953,25,10/4/2025 5:12,45,78,45.78
954,27,10/4/2025 5:12,45,73,45.73
955,30,10/4/2025 5:13,44,93,44.93
956,32,10/4/2025 5:13,44,69,44.69
957,34,10/4/2025 5:13,45,25,45.25
958,33,10/4/2025 5:13,44,89,44.89
959,31,10/4/2025 5:13,45,11,45.11
960,37,10/4/2025 5:28,44,37,44.37
961,35,10/4/2025 5:28,44,4,44.4
962,26,10/4/2025 5:28,45,45,45.45
963,39,10/4/2025 5:28,44,0,44
964,29,10/4/2025 5:28,45,35,45.35
965,28,10/4/2025 5:28,45,16,45.16
966,38,10/4/2025 5:28,43,51,43.51
967,24,10/4/2025 5:28,46,48,46.48
968,25,10/4/2025 5:28,45,78,45.78
969,36,10/4/2025 5:28,44,40,44.4
970,27,10/4/2025 5:28,45,68,45.68
971,30,10/4/2025 5:29,44,97,44.97
972,34,10/4/2025 5:29,45,28,45.28
973,33,10/4/2025 5:29,44,99,44.99
974,31,10/4/2025 5:29,45,21,45.21
975,32,10/4/2025 5:29,44,75,44.75
976,35,10/4/2025 5:44,44,3,44.3
977,39,10/4/2025 5:44,43,92,43.92
978,37,10/4/2025 5:44,44,34,44.34
979,26,10/4/2025 5:44,45,45,45.45
980,29,10/4/2025 5:44,45,36,45.36
981,38,10/4/2025 5:44,43,48,43.48
982,36,10/4/2025 5:44,44,39,44.39
983,24,10/4/2025 5:44,46,42,46.42
984,25,10/4/2025 5:44,45,78,45.78
985,28,10/4/2025 5:44,45,20,45.2
986,27,10/4/2025 5:44,45,66,45.66
987,32,10/4/2025 5:45,44,67,44.67
988,30,10/4/2025 5:45,44,92,44.92
989,34,10/4/2025 5:45,45,24,45.24
990,33,10/4/2025 5:45,44,91,44.91
991,31,10/4/2025 5:45,45,17,45.17
992,37,10/4/2025 6:00,44,28,44.28
993,35,10/4/2025 6:00,43,97,43.97
994,26,10/4/2025 6:00,45,31,45.31
995,39,10/4/2025 6:00,43,86,43.86
996,29,10/4/2025 6:00,45,22,45.22
997,38,10/4/2025 6:00,43,48,43.48
998,28,10/4/2025 6:00,45,5,45.5
999,36,10/4/2025 6:00,44,36,44.36
1000,24,10/4/2025 6:00,46,28,46.28
1001,25,10/4/2025 6:00,45,55,45.55
1002,27,10/4/2025 6:00,45,57,45.57
1003,32,10/4/2025 6:01,44,57,44.57
1004,30,10/4/2025 6:01,44,91,44.91
1005,34,10/4/2025 6:01,45,8,45.8
1006,33,10/4/2025 6:01,44,77,44.77
1007,31,10/4/2025 6:01,45,9,45.9
1008,37,10/4/2025 6:16,44,42,44.42
1009,35,10/4/2025 6:16,44,8,44.8
1010,39,10/4/2025 6:16,43,88,43.88
1011,26,10/4/2025 6:16,45,48,45.48
1012,29,10/4/2025 6:16,45,44,45.44
1013,28,10/4/2025 6:16,45,32,45.32
1014,38,10/4/2025 6:16,43,55,43.55
1015,24,10/4/2025 6:16,46,47,46.47
1016,25,10/4/2025 6:16,45,89,45.89
1017,36,10/4/2025 6:16,44,41,44.41
1018,27,10/4/2025 6:16,45,77,45.77
1019,32,10/4/2025 6:17,44,71,44.71
1020,30,10/4/2025 6:17,44,96,44.96
1021,34,10/4/2025 6:17,45,22,45.22
1022,33,10/4/2025 6:17,44,89,44.89
1023,31,10/4/2025 6:17,45,30,45.3
1024,37,10/4/2025 6:32,44,34,44.34
1025,35,10/4/2025 6:32,44,10,44.1
1026,39,10/4/2025 6:32,43,85,43.85
1027,26,10/4/2025 6:32,45,45,45.45
1028,29,10/4/2025 6:32,45,39,45.39
1029,28,10/4/2025 6:32,45,39,45.39
1030,38,10/4/2025 6:32,43,60,43.6
1031,24,10/4/2025 6:32,46,45,46.45
1032,25,10/4/2025 6:32,45,87,45.87
1033,36,10/4/2025 6:32,44,44,44.44
1034,27,10/4/2025 6:32,45,77,45.77
1035,32,10/4/2025 6:33,44,69,44.69
1036,30,10/4/2025 6:33,45,1,45.1
1037,34,10/4/2025 6:33,45,20,45.2
1038,33,10/4/2025 6:33,44,87,44.87
1039,31,10/4/2025 6:33,45,29,45.29
1040,37,10/4/2025 6:48,44,36,44.36
1041,35,10/4/2025 6:48,44,8,44.8
1042,39,10/4/2025 6:48,43,83,43.83
1043,26,10/4/2025 6:48,45,36,45.36
1044,29,10/4/2025 6:48,45,41,45.41
1045,28,10/4/2025 6:48,45,31,45.31
1046,38,10/4/2025 6:48,43,58,43.58
1047,36,10/4/2025 6:48,44,44,44.44
1048,24,10/4/2025 6:48,46,43,46.43
1049,25,10/4/2025 6:48,45,86,45.86
1050,27,10/4/2025 6:48,45,79,45.79
1051,32,10/4/2025 6:49,44,68,44.68
1052,30,10/4/2025 6:49,44,91,44.91
1053,34,10/4/2025 6:49,45,29,45.29
1054,33,10/4/2025 6:49,44,95,44.95
1055,31,10/4/2025 6:49,45,35,45.35
1056,37,10/4/2025 7:04,44,33,44.33
1057,35,10/4/2025 7:04,44,2,44.2
1058,39,10/4/2025 7:04,43,77,43.77
1059,26,10/4/2025 7:04,45,29,45.29
1060,29,10/4/2025 7:04,45,35,45.35
1061,28,10/4/2025 7:04,45,22,45.22
1062,38,10/4/2025 7:04,43,50,43.5
1063,36,10/4/2025 7:04,44,36,44.36
1064,25,10/4/2025 7:04,45,81,45.81
1065,24,10/4/2025 7:04,46,31,46.31
1066,27,10/4/2025 7:04,45,64,45.64
1067,32,10/4/2025 7:05,44,65,44.65
1068,30,10/4/2025 7:05,44,86,44.86
1069,34,10/4/2025 7:05,45,16,45.16
1070,33,10/4/2025 7:05,44,81,44.81
1071,31,10/4/2025 7:05,45,5,45.5
1072,37,10/4/2025 7:20,44,32,44.32
1073,35,10/4/2025 7:20,44,2,44.2
1074,39,10/4/2025 7:20,43,74,43.74
1075,26,10/4/2025 7:20,45,21,45.21
1076,29,10/4/2025 7:20,45,29,45.29
1077,28,10/4/2025 7:20,45,15,45.15
1078,38,10/4/2025 7:20,43,43,43.43
1079,36,10/4/2025 7:20,44,38,44.38
1080,24,10/4/2025 7:20,46,32,46.32
1081,25,10/4/2025 7:20,45,75,45.75
1082,27,10/4/2025 7:20,45,59,45.59
1083,32,10/4/2025 7:21,44,72,44.72
1084,30,10/4/2025 7:21,44,87,44.87
1085,34,10/4/2025 7:21,45,20,45.2
1086,33,10/4/2025 7:21,44,86,44.86
1087,31,10/4/2025 7:21,45,22,45.22
1088,37,10/4/2025 7:36,44,37,44.37
1089,35,10/4/2025 7:36,44,10,44.1
1090,39,10/4/2025 7:36,43,79,43.79
1091,26,10/4/2025 7:36,45,25,45.25
1092,29,10/4/2025 7:36,45,34,45.34
1093,28,10/4/2025 7:36,45,18,45.18
1094,38,10/4/2025 7:36,43,55,43.55
1095,36,10/4/2025 7:36,44,45,44.45
1096,25,10/4/2025 7:36,45,79,45.79
1097,24,10/4/2025 7:36,46,32,46.32
1098,27,10/4/2025 7:36,45,64,45.64
1099,32,10/4/2025 7:37,44,77,44.77
1100,30,10/4/2025 7:37,44,93,44.93
1101,34,10/4/2025 7:37,45,22,45.22
1102,33,10/4/2025 7:37,44,89,44.89
1103,31,10/4/2025 7:37,45,31,45.31
1104,37,10/4/2025 7:52,44,56,44.56
1105,35,10/4/2025 7:52,44,30,44.3
1106,39,10/4/2025 7:52,44,1,44.1
1107,26,10/4/2025 7:52,45,29,45.29
1108,29,10/4/2025 7:52,45,39,45.39
1109,28,10/4/2025 7:52,45,18,45.18
1110,38,10/4/2025 7:52,43,68,43.68
1111,36,10/4/2025 7:52,44,69,44.69
1112,24,10/4/2025 7:52,46,9,46.9
1113,25,10/4/2025 7:52,45,71,45.71
1114,27,10/4/2025 7:52,45,59,45.59
1115,30,10/4/2025 7:53,45,0,45
1116,34,10/4/2025 7:53,45,25,45.25
1117,33,10/4/2025 7:53,44,93,44.93
1118,31,10/4/2025 7:53,45,25,45.25
1119,32,10/4/2025 7:53,44,89,44.89
1120,37,10/4/2025 8:08,44,29,44.29
1121,35,10/4/2025 8:08,44,12,44.12
1122,39,10/4/2025 8:08,43,77,43.77
1123,26,10/4/2025 8:08,45,4,45.4
1124,29,10/4/2025 8:08,45,15,45.15
1125,28,10/4/2025 8:08,45,1,45.1
1126,36,10/4/2025 8:08,44,42,44.42
1127,24,10/4/2025 8:08,45,76,45.76
1128,25,10/4/2025 8:08,45,50,45.5
1129,38,10/4/2025 8:08,43,51,43.51
1130,27,10/4/2025 8:08,45,26,45.26
1131,32,10/4/2025 8:09,44,53,44.53
1132,30,10/4/2025 8:09,44,64,44.64
1133,34,10/4/2025 8:09,44,78,44.78
1134,33,10/4/2025 8:09,44,45,44.45
1135,31,10/4/2025 8:09,44,93,44.93
1136,37,10/4/2025 8:24,45,11,45.11
1137,35,10/4/2025 8:24,44,52,44.52
1138,39,10/4/2025 8:24,44,38,44.38
1139,29,10/4/2025 8:24,45,54,45.54
1140,26,10/4/2025 8:24,45,35,45.35
1141,28,10/4/2025 8:24,45,37,45.37
1142,36,10/4/2025 8:24,45,19,45.19
1143,24,10/4/2025 8:24,46,12,46.12
1144,25,10/4/2025 8:24,45,99,45.99
1145,38,10/4/2025 8:24,43,98,43.98
1146,27,10/4/2025 8:24,45,83,45.83
1147,32,10/4/2025 8:25,45,60,45.6
1148,30,10/4/2025 8:25,45,57,45.57
1149,34,10/4/2025 8:25,45,71,45.71
1150,33,10/4/2025 8:25,45,47,45.47
1151,31,10/4/2025 8:25,45,90,45.9
1152,32,10/4/2025 8:26,45,60,45.6
1153,37,10/4/2025 8:40,46,26,46.26
1154,35,10/4/2025 8:40,45,53,45.53
1155,39,10/4/2025 8:40,45,43,45.43
1156,26,10/4/2025 8:40,46,3,46.3
1157,29,10/4/2025 8:40,46,43,46.43
1158,28,10/4/2025 8:40,46,23,46.23
1159,38,10/4/2025 8:40,44,98,44.98
1160,36,10/4/2025 8:40,46,35,46.35
1161,24,10/4/2025 8:40,46,91,46.91
1162,25,10/4/2025 8:40,46,88,46.88
1163,27,10/4/2025 8:40,46,72,46.72
1164,32,10/4/2025 8:41,46,72,46.72
1165,30,10/4/2025 8:41,46,62,46.62
1166,34,10/4/2025 8:41,46,75,46.75
1167,33,10/4/2025 8:41,46,48,46.48
1168,31,10/4/2025 8:41,47,0,47
1169,37,10/4/2025 8:56,46,43,46.43
1170,35,10/4/2025 8:56,45,70,45.7
1171,39,10/4/2025 8:56,45,57,45.57
1172,29,10/4/2025 8:56,46,55,46.55
1173,28,10/4/2025 8:56,46,35,46.35
1174,38,10/4/2025 8:56,45,17,45.17
1175,36,10/4/2025 8:56,46,43,46.43
1176,24,10/4/2025 8:56,47,0,47
1177,26,10/4/2025 8:56,46,16,46.16
1178,25,10/4/2025 8:56,47,1,47.1
1179,27,10/4/2025 8:56,46,81,46.81
1180,30,10/4/2025 8:57,46,72,46.72
1181,34,10/4/2025 8:57,46,80,46.8
1182,32,10/4/2025 8:57,46,81,46.81
1183,33,10/4/2025 8:57,46,55,46.55
1184,31,10/4/2025 8:57,47,10,47.1
1185,37,10/4/2025 9:12,46,53,46.53
1186,35,10/4/2025 9:12,45,83,45.83
1187,39,10/4/2025 9:12,45,64,45.64
1188,26,10/4/2025 9:12,46,24,46.24
1189,29,10/4/2025 9:12,46,62,46.62
1190,28,10/4/2025 9:12,46,45,46.45
1191,38,10/4/2025 9:12,45,29,45.29
1192,36,10/4/2025 9:12,46,44,46.44
1193,24,10/4/2025 9:12,47,2,47.2
1194,25,10/4/2025 9:12,47,9,47.9
1195,27,10/4/2025 9:12,46,87,46.87
1196,32,10/4/2025 9:13,46,87,46.87
1197,30,10/4/2025 9:13,46,77,46.77
1198,34,10/4/2025 9:13,46,84,46.84
1199,33,10/4/2025 9:13,46,61,46.61
1200,31,10/4/2025 9:13,47,14,47.14
1201,37,10/4/2025 9:28,46,65,46.65
1202,35,10/4/2025 9:28,45,90,45.9
1203,39,10/4/2025 9:28,45,73,45.73
1204,26,10/4/2025 9:28,46,33,46.33
1205,29,10/4/2025 9:28,46,69,46.69
1206,28,10/4/2025 9:28,46,51,46.51
1207,36,10/4/2025 9:28,46,53,46.53
1208,24,10/4/2025 9:28,47,9,47.9
1209,38,10/4/2025 9:28,45,36,45.36
1210,25,10/4/2025 9:28,47,16,47.16
1211,27,10/4/2025 9:28,46,90,46.9
1212,32,10/4/2025 9:29,46,95,46.95
1213,30,10/4/2025 9:29,46,85,46.85
1214,34,10/4/2025 9:29,46,92,46.92
1215,33,10/4/2025 9:29,46,70,46.7
1216,31,10/4/2025 9:29,47,24,47.24
1217,37,10/4/2025 9:44,46,83,46.83
1218,35,10/4/2025 9:44,46,7,46.7
1219,26,10/4/2025 9:44,46,53,46.53
1220,39,10/4/2025 9:44,45,92,45.92
1221,29,10/4/2025 9:44,46,88,46.88
1222,28,10/4/2025 9:44,46,69,46.69
1223,36,10/4/2025 9:44,46,75,46.75
1224,24,10/4/2025 9:44,47,17,47.17
1225,25,10/4/2025 9:44,47,28,47.28
1226,38,10/4/2025 9:44,45,54,45.54
1227,27,10/4/2025 9:44,47,0,47
1228,32,10/4/2025 9:45,47,10,47.1
1229,30,10/4/2025 9:45,47,0,47
1230,34,10/4/2025 9:45,47,8,47.8
1231,33,10/4/2025 9:45,46,86,46.86
1232,31,10/4/2025 9:45,47,40,47.4
1233,37,10/4/2025 10:00,47,0,47
1234,35,10/4/2025 10:00,46,25,46.25
1235,39,10/4/2025 10:00,46,11,46.11
1236,26,10/4/2025 10:00,46,66,46.66
1237,29,10/4/2025 10:00,47,0,47
1238,28,10/4/2025 10:00,46,82,46.82
1239,38,10/4/2025 10:00,45,75,45.75
1240,36,10/4/2025 10:00,46,87,46.87
1241,24,10/4/2025 10:00,47,34,47.34
1242,25,10/4/2025 10:00,47,48,47.48
1243,27,10/4/2025 10:00,47,20,47.2
1244,32,10/4/2025 10:01,47,27,47.27
1245,30,10/4/2025 10:01,47,16,47.16
1246,34,10/4/2025 10:01,47,23,47.23
1247,33,10/4/2025 10:01,47,3,47.3
1248,31,10/4/2025 10:01,47,53,47.53
1249,30,10/4/2025 10:09,46,92,46.92
1250,34,10/4/2025 10:09,47,0,47
1251,31,10/4/2025 10:09,47,21,47.21
1252,33,10/4/2025 10:09,46,81,46.81
1253,24,10/4/2025 10:09,47,0,47
1254,26,10/4/2025 10:09,46,41,46.41
1255,25,10/4/2025 10:09,47,18,47.18
1256,38,10/4/2025 10:09,45,44,45.44
1257,35,10/4/2025 10:09,46,11,46.11
1258,39,10/4/2025 10:09,45,87,45.87
1259,36,10/4/2025 10:09,46,74,46.74
1260,28,10/4/2025 10:09,46,78,46.78
1261,37,10/4/2025 10:09,46,51,46.51
1262,29,10/4/2025 10:09,46,75,46.75
1263,27,10/4/2025 10:09,46,91,46.91
1264,32,10/4/2025 10:09,46,92,46.92
1265,32,10/4/2025 10:25,47,50,47.5
1266,34,10/4/2025 10:25,47,51,47.51
1267,31,10/4/2025 10:25,47,81,47.81
1268,33,10/4/2025 10:25,47,31,47.31
1269,30,10/4/2025 10:25,47,45,47.45
1270,35,10/4/2025 10:25,46,71,46.71
1271,37,10/4/2025 10:25,47,20,47.2
1272,25,10/4/2025 10:25,47,73,47.73
1273,39,10/4/2025 10:25,46,56,46.56
1274,27,10/4/2025 10:25,47,43,47.43
1275,38,10/4/2025 10:25,46,11,46.11
1276,29,10/4/2025 10:25,47,28,47.28
1277,24,10/4/2025 10:25,47,43,47.43
1278,28,10/4/2025 10:25,47,17,47.17
1279,26,10/4/2025 10:25,46,85,46.85
1280,36,10/4/2025 10:25,47,30,47.3
1281,30,10/4/2025 10:41,45,63,45.63
1282,31,10/4/2025 10:41,45,24,45.24
1283,34,10/4/2025 10:41,45,32,45.32
1284,33,10/4/2025 10:41,45,22,45.22
1285,32,10/4/2025 10:41,45,27,45.27
1286,26,10/4/2025 10:41,45,29,45.29
1287,37,10/4/2025 10:41,44,51,44.51
1288,25,10/4/2025 10:41,45,87,45.87
1289,29,10/4/2025 10:41,45,55,45.55
1290,28,10/4/2025 10:41,46,9,46.9
1291,27,10/4/2025 10:41,45,57,45.57
1292,36,10/4/2025 10:41,45,61,45.61
1293,38,10/4/2025 10:41,43,83,43.83
1294,35,10/4/2025 10:41,45,22,45.22
1295,39,10/4/2025 10:41,44,20,44.2
1296,24,10/4/2025 10:41,45,54,45.54
1297,30,10/4/2025 10:57,40,50,40.5
1298,34,10/4/2025 10:57,39,90,39.9
1299,33,10/4/2025 10:57,39,88,39.88
1300,31,10/4/2025 10:57,40,35,40.35
1301,32,10/4/2025 10:57,40,70,40.7
1302,35,10/4/2025 10:57,40,5,40.5
1303,24,10/4/2025 10:57,41,15,41.15
1304,39,10/4/2025 10:57,38,22,38.22
1305,29,10/4/2025 10:57,40,88,40.88
1306,37,10/4/2025 10:57,39,63,39.63
1307,26,10/4/2025 10:57,41,15,41.15
1308,36,10/4/2025 10:57,41,31,41.31
1309,28,10/4/2025 10:57,41,99,41.99
1310,25,10/4/2025 10:57,40,93,40.93
1311,38,10/4/2025 10:57,38,19,38.19
1312,27,10/4/2025 10:57,41,64,41.64
1313,32,10/4/2025 11:13,37,84,37.84
1314,30,10/4/2025 11:13,37,69,37.69
1315,33,10/4/2025 11:13,36,80,36.8
1316,31,10/4/2025 11:13,37,36,37.36
1317,34,10/4/2025 11:13,36,95,36.95
1318,24,10/4/2025 11:13,38,53,38.53
1319,37,10/4/2025 11:13,36,71,36.71
1320,35,10/4/2025 11:13,37,17,37.17
1321,28,10/4/2025 11:13,38,86,38.86
1322,38,10/4/2025 11:13,35,23,35.23
1323,27,10/4/2025 11:13,38,73,38.73
1324,39,10/4/2025 11:13,34,88,34.88
1325,29,10/4/2025 11:13,38,54,38.54
1326,36,10/4/2025 11:13,38,41,38.41
1327,25,10/4/2025 11:13,38,31,38.31
1328,26,10/4/2025 11:13,38,62,38.62
1329,28,10/4/2025 11:29,41,77,41.77
1330,27,10/4/2025 11:29,43,22,43.22
1331,39,10/4/2025 11:29,40,97,40.97
1332,26,10/4/2025 11:29,42,46,42.46
1333,35,10/4/2025 11:29,41,37,41.37
1334,36,10/4/2025 11:29,41,62,41.62
1335,37,10/4/2025 11:29,41,71,41.71
1336,38,10/4/2025 11:29,40,86,40.86
1337,24,10/4/2025 11:29,42,64,42.64
1338,25,10/4/2025 11:29,42,34,42.34
1339,29,10/4/2025 11:29,42,8,42.8
1340,28,10/4/2025 11:35,43,96,43.96
1341,25,10/4/2025 11:35,44,93,44.93
1342,26,10/4/2025 11:35,44,64,44.64
1343,29,10/4/2025 11:35,44,38,44.38
1344,24,10/4/2025 11:35,43,36,43.36
1345,36,10/4/2025 11:45,47,40,47.4
1346,35,10/4/2025 11:45,47,0,47
1347,39,10/4/2025 11:45,47,37,47.37
1348,38,10/4/2025 11:45,46,83,46.83
1349,37,10/4/2025 11:45,47,85,47.85
